Rank,Name,Ticker,MarketCap,Stablecoin
1,Bitcoin,BTCUSD,2352948167560.771,False
2,Ethereum,ETHUSD,452404756772.8484,False
3,XRP,XRPUSD,207938315024.91617,False
4,Tether USDt,USDT,161644029120.92923,True
5,BNB,BNBUSD,104162203756.94028,False
6,Solana,SOLUSD,97409270807.53352,False
7,USDC,USDC,64454218050.98833,True
8,Dogecoin,DOGEUSD,39675667539.19332,False
9,Cardano,ADAUSD,30462320087.56122,False
10,TRON,TRXUSD,30066225158.762367,False
11,Hyperliquid,HYPEUSD,15593283963.285263,False
12,Stellar,XLMUSD,14710319044.055637,False
13,Sui,SUIUSD,13565644915.723326,False
14,Chainlink,LINKUSD,13066749459.21116,False
15,Hedera,HBARUSD,11784471492.20518,False
16,Bitcoin Cash,BCHUSD,10932080572.151785,False
17,Avalanche,AVAXUSD,10583259332.849712,False
18,Shiba Inu,SHIBUSD,9061989180.52625,False
19,Litecoin,LTCUSD,8900011932.148056,False
20,UNUS SED LEO,LEOUSD,8305857498.263935,False
21,Toncoin,TONUSD,8098966953.800631,False
22,Polkadot,DOTUSD,7179370982.931908,False
23,Uniswap,UNIUSD,6675995138.127554,False
24,Ethena USDe,USDe,6080227972.670487,True
25,Monero,XMRUSD,6022916747.632563,False
26,Pepe,PEPEUSD,5961951512.924189,False
27,Bitget Token,BGBUSD,5831027440.939743,False
28,Dai,DAIUSD,5364765805.791757,True
29,Aave,AAVEUSD,4958888266.121167,False
30,Bittensor,TAOUSD,4037020015.692754,False
31,Cronos,CROUSD,3947409456.516269,False
32,Ethereum Classic,ETCUSD,3819791514.1720757,False
33,NEAR Protocol,NEARUSD,3732476235.009586,False
34,Aptos,APTUSD,3518876375.255131,False
35,Pi,PIUSD,3466381472.9495087,False
36,Ondo,ONDOUSD,3354211685.5484667,False
37,Internet Computer,ICPUSD,3223979774.0926414,False
38,Ethena,ENAUSD,3168463767.4989405,False
39,OKB,OKBUSD,2955936989.45981,False
40,Mantle,MNTUSD,2718555557.606071,False
41,Bonk,BONKUSD,2710259631.721541,False
42,POL (prev. MATIC),POLUSD,2639020842.0021467,False
43,Algorand,ALGOUSD,2605962864.5569525,False
44,Kaspa,KASUSD,2603569893.0695095,False
45,Arbitrum,ARBUSD,2524057136.725018,False
46,VeChain,VETUSD,2484314406.147299,False
47,Render,RENDERUSD,2282203051.270292,False
48,World Liberty Financial USD,USD1,2204715017.2705193,True
49,GateToken,GTUSD,2184296598.2957735,False
50,Worldcoin,WLDUSD,2184786616.4806037,False
51,OFFICIAL TRUMP,TRUMPUSD,2136034631.241914,False
52,Sei,SEIUSD,2124171805.510512,False
53,Cosmos,ATOMUSD,2038218727.1194541,False
54,Filecoin,FILUSD,1988601449.1895034,False
55,Pudgy Penguins,PENGUUSD,1938758877.609504,False
56,Artificial Superintelligence Alliance,FETUSD,1923121076.6933715,False
57,SPX6900,SPXUSD,1839867890.1580637,False
58,Sky,SKYUSD,1814287203.9265609,False
59,Jupiter,JUPUSD,1689752693.633604,False
60,XDC Network,XDCUSD,1604733355.5193112,False
61,Pump.fun,PUMPUSD,1558631755.991337,False
62,Celestia,TIAUSD,1549808977.6978858,False
63,KuCoin Token,KCSUSD,1533186243.303895,False
64,Injective,INJUSD,1494746353.9243991,False
65,Fartcoin,FARTCOINUSD,1452052898.467089,False
66,First Digital USD,FDUSD,1449554769.791383,True
67,Flare,FLRUSD,1447855080.441412,False
68,Story,IPUSD,1441114132.182154,False
69,Quant,QNTUSD,1413980072.0399427,False
70,Stacks,STXUSD,1395089529.923694,False
71,Optimism,OPUSD,1381656266.5703413,False
72,Curve DAO Token,CRVUSD,1350131697.049642,False
73,FLOKI,FLOKIUSD,1324987421.7788527,False
74,Four,FORMUSD,1322734631.1856515,False
75,dogwifhat,WIFUSD,1239492252.417483,False
76,Immutable,IMXUSD,1227600620.2539837,False
77,Virtuals Protocol,VIRTUALUSD,1196108604.5228698,False
78,Sonic,SUSD,1158774410.249731,False
79,Tezos,XTZUSD,1154295879.0807302,False
80,The Graph,GRTUSD,1150859084.7280755,False
81,Conflux,CFXUSD,1098314364.445917,False
82,Lido DAO,LDOUSD,1092042539.5577745,False
83,Kaia,KAIAUSD,1055865161.2563838,False
84,Ethereum Name Service,ENSUSD,1046936614.8247627,False
85,Vaulta,AUSD,992816509.9941797,False
86,JasmyCoin,JASMYUSD,972159145.9773935,False
87,Theta Network,THETAUSD,970844430.5767646,False
88,IOTA,IOTAUSD,948089533.8876429,False
89,PAX Gold,PAXGUSD,945394793.3027014,False
90,PancakeSwap,CAKEUSD,932018485.1424968,False
91,Gala,GALAUSD,910153038.6192411,False
92,The Sandbox,SANDUSD,888783800.247575,False
93,Nexo,NEXOUSD,868224168.2849721,False
94,PayPal USD,PYUSD,865082471.5470183,True
95,Tether Gold,XAUtUSD,825591713.3563447,False
96,Pyth Network,PYTHUSD,820202104.3650272,False
97,Aerodrome Finance,AEROUSD,816689782.3460898,False
98,Raydium,RAYUSD,793963763.5497901,False
99,Pendle,PENDLEUSD,788225008.2995194,False
100,Helium,HNTUSD,731696857.4846171,False
101,Jito,JTOUSD,728608873.1434038,False
102,Zcash,ZECUSD,726196983.3691297,False
103,BitTorrent [New],BTTUSD,723114510.16541,False
104,Flow,FLOWUSD,714867261.4072522,False
105,Decentraland,MANAUSD,696936020.2823116,False
106,Morpho,MORPHOUSD,685587578.5453314,False
107,DeepBook Protocol,DEEPUSD,664545920.6649308,False
108,MemeCore,MUSD,648390146.0335956,False
109,Onyxcoin,XCNUSD,634755476.2334522,False
110,Mog Coin,MOGUSD,633165591.8093766,False
111,Bitcoin SV,BSVUSD,628364899.574284,False
112,Walrus,WALUSD,626138616.4825627,False
113,DeXe,DEXEUSD,617041400.6898669,False
114,Core,COREUSD,615662128.0653801,False
115,Brett (Based),BRETTUSD,614672865.8267053,False
116,AB,ABUSD,603860703.9228342,False
117,THORChain,RUNEUSD,598355201.493128,False
118,Reserve Rights,RSRUSD,569761116.7417407,False
119,ether.fi,ETHFIUSD,567475384.2152398,False
120,Neo,NEOUSD,543092784.5866723,False
121,USDD,USDD,539943849.9811584,True
122,Starknet,STRKUSD,537633795.9363942,False
123,Arweave,ARUSD,536930961.5228585,False
124,ApeCoin,APEUSD,535514499.7313802,False
125,SuperVerse,SUPERUSD,527745780.4763823,False
126,Ripple USD,RLUSD,527645653.3125374,True
127,dYdX,DYDXUSD,525447653.3265705,False
128,Compound,COMPUSD,510039638.4003204,False
129,BUILDon,BUSD,507303340.5595382,False
130,Maple Finance,SYRUPUSD,501276891.7127433,False
131,MultiversX,EGLDUSD,501045366.9200899,False
132,eCash,XECUSD,499956569.62769014,False
133,EigenLayer,EIGENUSD,499907072.1119159,False
134,AIOZ Network,AIOZUSD,493258859.9974285,False
135,TrueUSD,TUSD,493288087.08089256,True
136,Axie Infinity,AXSUSD,473471819.33581513,False
137,Kava,KAVAUSD,467165176.44683903,False
138,APENFT,NFTUSD,464751286.42447937,False
139,ZKsync,ZKUSD,458556660.5530825,False
140,1inch Network,1INCHUSD,450657003.4777999,False
141,Chiliz,CHZUSD,444101073.5721579,False
142,Movement,MOVEUSD,443700478.26384455,False
143,Wormhole,WUSD,438595499.6816679,False
144,Convex Finance,CVXUSD,426533168.4428205,False
145,Dog (Bitcoin),DOGUSD,420840957.8833173,False
146,Beam,BEAMUSD,418375048.7927032,False
147,WEMIX,WEMIXUSD,412721524.7315874,False
148,LayerZero,ZROUSD,410015762.47020406,False
149,Gnosis,GNOUSD,403382687.59683466,False
150,KAITO,KAITOUSD,403204076.41576904,False
151,Axelar,AXLUSD,397667348.65449643,False
152,Popcat (SOL),POPCATUSD,396157916.14832187,False
153,Ronin,RONUSD,391378837.2146129,False
154,Turbo,TURBOUSD,390966296.5269909,False
155,Terra Classic,LUNCUSD,387190463.2540627,False
156,JUST,JSTUSD,376487012.6986428,False
157,Akash Network,AKTUSD,371212553.5231216,False
158,Sun [New],SUNUSD,365025427.9122896,False
159,Aethir,ATHUSD,362643303.6788964,False
160,cat in a dogs world,MEWUSD,362303221.4722197,False
161,Amp,AMPUSD,362229672.6960051,False
162,Creditcoin,CTCUSD,354180496.8033819,False
163,FTX Token,FTTUSD,353892673.99698424,False
164,Trust Wallet Token,TWTUSD,349228166.8427529,False
165,Frax (prev. FXS),FRAXUSD,334771259.8399701,False
166,Livepeer,LPTUSD,323059052.61176467,False
167,Safe,SAFEUSD,315948616.16686875,False
168,Dash,DASHUSD,315582253.69721615,False
169,Peanut the Squirrel,PNUTUSD,309809297.26963794,False
170,MANTRA,OMUSD,305091120.7865242,False
171,Nervos Network,CKBUSD,300823041.2557792,False
172,Decred,DCRUSD,300726958.7123875,False
173,Moca Network,MOCAUSD,296774326.4021912,False
174,Toshi,TOSHIUSD,293613919.99663746,False
175,Kusama,KSMUSD,290172938.9382759,False
176,Theta Fuel,TFUELUSD,288514352.89895713,False
177,Mina,MINAUSD,287624201.2893661,False
178,Golem,GLMUSD,287236795.5851136,False
179,Zebec Network,ZBCNUSD,285757488.59652215,False
180,Berachain,BERAUSD,281850338.49753505,False
181,SushiSwap,SUSHIUSD,280678649.2644083,False
182,Grass,GRASSUSD,276025134.6808224,False
183,Qtum,QTUMUSD,274976358.40818274,False
184,SafePal,SFPUSD,268783931.8199164,False
185,Cheems (cheems.pet),CHEEMSUSD,267656054.01892766,False
186,Zilliqa,ZILUSD,266332350.32321507,False
187,OriginTrail,TRACUSD,265864792.29282048,False
188,Synthetix,SNXUSD,259015377.4954958,False
189,Baby Doge Coin,BabyDogeUSD,258442639.55583352,False
190,0x Protocol,ZRXUSD,255717316.64932802,False
191,Blur,BLURUSD,254234140.17723036,False
192,Alchemy Pay,ACHUSD,254063433.1543336,False
193,Basic Attention Token,BATUSD,253746335.296006,False
194,Neiro (First Neiro On Ethereum),NEIROUSD,250681432.65965453,False
195,Oasis,ROSEUSD,247799831.267336,False
196,Ravencoin,RVNUSD,244871462.58500832,False
197,Notcoin,NOTUSD,239985388.390536,False
198,ORDI,ORDIUSD,237940599.52413183,False
199,IoTeX,IOTXUSD,236064328.12497678,False
200,Gas,GASUSD,231244473.85484263,False
201,Fasttoken,FTNUSD,1967125119.1201813,False
202,Jupiter Perps LP,JLPUSD,1565367373.602559,False
203,Zeebu,ZBUUSD,657753289.0207677,False
204,Falcon USD,USDf,654571941.9680632,True
205,Usual USD,USD0,653333278.69529,True
206,Telcoin,TELUSD,638847268.9388866,False
207,Ondo US Dollar Yield,USDY,637659309.9806346,True
208,Fellaz,FLZUSD,600207785.684726,False
209,Loaded Lions,LIONUSD,565200888.0881399,False
210,Beldex,BDXUSD,527718787.2655392,False
211,Olympus v2,OHMUSD,348250582.2353163,False
212,Keeta,KTAUSD,335549658.5296351,False
213,Saros,SAROSUSD,323354735.9778528,False
214,UPCX,UPCUSD,320289611.8248377,False
215,Global Dollar,USDG,308506065.0701511,True
216,Snek,SNEKUSD,306048184.1552565,False
217,Legacy Frax Dollar,FRAXUSD,299507811.1713164,True
218,WhiteRock,WHITEUSD,271629320.843893,False
219,Useless Coin,USELESSUSD,267583103.46711525,False
220,Euler,EULUSD,257964752.9769879,False
221,SwissBorg,BORGUSD,252390576.06105715,False
222,Qubic,QUBICUSD,249305115.37919816,False
223,Cheelee,CHEELUSD,234560012.44861686,False
224,Plume,PLUMEUSD,230871088.37949678,False
225,CoW Protocol,COWUSD,226349337.23287618,False
226,Celo,CELOUSD,223929703.53467515,False
227,Astar,ASTRUSD,222844242.1694296,False
228,ZetaChain,ZETAUSD,218589786.33956015,False
229,Venom,VENOMUSD,218034033.08481982,False
230,Aura,AURAUSD,214934464.27851674,False
231,Official Melania Meme,MELANIAUSD,214405441.33041868,False
232,Ultima,ULTIMAUSD,212876580.11055848,False
233,yearn.finance,YFIUSD,210912966.76806104,False
234,EURC,EURCUSD,210624782.10047683,True
235,Holo,HOTUSD,210119514.4192224,False
236,Gigachad,GIGAUSD,209574852.76377827,False
237,VeThor Token,VTHOUSD,208295684.0195024,False
238,EthereumPoW,ETHWUSD,207660099.33462146,False
239,MX Token,MXUSD,207074213.42355078,False
240,SPACE ID,IDUSD,205377024.57379812,False
241,Non-Playable Coin,NPCUSD,203582215.44991535,False
242,Legacy Token,LGCTUSD,203439915.9204791,False
243,ai16z,AI16ZUSD,201756146.51466492,False
244,Siacoin,SCUSD,198540485.78608218,False
245,FUNToken,FUNUSD,197297011.3299414,False
246,Harmony,ONEUSD,196739995.37511525,False
247,NEXPACE,NXPCUSD,194318686.51306316,False
248,Threshold,TUSD,193583512.53230894,False
249,Moo Deng (moodengsol.com),MOODENGUSD,191940762.07745984,False
250,Sologenic,SOLOUSD,191850216.56483278,False
251,Ailey,ALEUSD,191538345.87451836,False
252,GoМining,GOMININGUSD,189119084.74048978,False
253,Ankr,ANKRUSD,188808013.37860426,False
254,Caldera,ERAUSD,185426633.87462136,False
255,UXLINK,UXLINKUSD,185079058.71774527,False
256,Kadena,KDAUSD,184922378.55482113,False
257,WOO,WOOUSD,176538669.62294698,False
258,Drift,DRIFTUSD,175147388.2231055,False
259,Staika,STIKUSD,173857034.04090008,False
260,Sahara AI,SAHARAUSD,173448781.02013263,False
261,aelf,ELFUSD,173430533.99296105,False
262,Rocket Pool,RPLUSD,173140302.72533762,False
263,DigiByte,DGBUSD,172929331.03234038,False
264,Casper,CSPRUSD,171825176.21437827,False
265,Chia,XCHUSD,169940364.03608283,False
266,GMT,GMTUSD,168264326.67997724,False
267,Enjin Coin,ENJUSD,167428099.48190293,False
268,aixbt,AIXBTUSD,165251214.22649404,False
269,48 Club Token,KOGEUSD,162675330.45852384,False
270,Polymesh,POLYXUSD,162293716.669334,False
271,XYO,XYOUSD,162151458.26845172,False
272,Prom,PROMUSD,159906317.87064826,False
273,SKALE,SKLUSD,158385347.85099357,False
274,ICON,ICXUSD,159125300.3144314,False
275,BOOK OF MEME,BOMEUSD,158763091.6746784,False
276,Status,SNTUSD,158582031.56469804,False
277,Vana,VANAUSD,158477065.66265407,False
278,ssv.network,SSVUSD,156391577.41758,False
279,Mask Network,MASKUSD,156356036.37554085,False
280,Elixir deUSD,DEUSD,156229168.06048474,True
281,Freysa,FAIUSD,155944361.49716362,False
282,Horizen,ZENUSD,156311376.27215615,False
283,Orca,ORCAUSD,152758451.41222942,False
284,Kamino Finance,KMNOUSD,152529736.01142836,False
285,Ontology,ONTUSD,150306319.70616254,False
286,Ethena Labs (USDtb),USDtb,150261817.876458,True
287,COTI,COTIUSD,149401768.86106807,False
288,ZIGChain,ZIGUSD,149001476.52856737,False
289,Solayer,LAYERUSD,148661378.89406866,False
290,Osmosis,OSMOUSD,147468479.93556422,False
291,io.net,IOUSD,146284072.28526554,False
292,Velo,VELOUSD,145927005.28186098,False
293,Solar,SXPUSD,144761785.651125,False
294,STASIS EURO,EURSUSD,144273650.12793288,True
295,Rekt (rektcoin.com),REKTUSD,143561076.36837354,False
296,Altlayer,ALTUSD,140773712.4326668,False
297,XPR Network,XPRUSD,140658712.51922294,False
298,GMX,GMXUSD,140532785.27488184,False
299,Arkham,ARKMUSD,138834675.622105,False
300,Loopring,LRCUSD,138623660.5735492,False
301,Nano,XNOUSD,138073800.7273143,False
302,Gravity (by Galxe),GUSD,137637378.8060547,False
303,Waves,WAVESUSD,137079100.82741487,False
304,Neiro Ethereum,NEIROUSD,136112838.64971086,False
305,Magic Eden,MEUSD,135836904.68069988,False
306,Metaplex,MPLXUSD,134817982.62978542,False
307,Goatseus Maximus,GOATUSD,134765289.33534703,False
308,Pixels,PIXELUSD,134687793.27128834,False
309,VVS Finance,VVSUSD,134539110.06286404,False
310,Destra Network,DSYNCUSD,133761432.00356148,False
311,Osaka Protocol,OSAKUSD,132799575.56506261,False
312,LCX,LCXUSD,132666333.36881667,False
313,Storj,STORJUSD,132118289.9926689,False
314,Terra,LUNAUSD,131894982.36988355,False
315,World Mobile Token,WMTXUSD,131512840.91917881,False
316,Constellation,DAGUSD,130615122.17437029,False
317,SwftCoin,SWFTCUSD,129959762.32185428,False
318,Verge,XVGUSD,129917769.59409364,False
319,Babylon,BABYUSD,129674239.50852771,False
320,Centrifuge,CFGUSD,129134403.77661487,False
321,Liquity,LQTYUSD,128945436.21583602,False
322,AUSD,AUSD,128855518.4439569,True
323,Clearpool,CPOOLUSD,128859895.57420747,False
324,CROSS,CROSSUSD,128287239.9070686,False
325,Metis,METISUSD,128129596.39485691,False
326,Big Time,BIGTIMEUSD,127528720.4033823,False
327,Cookie DAO,COOKIEUSD,127248106.24460576,False
328,ConstitutionDAO,PEOPLEUSD,126340384.51382346,False
329,Band Protocol,BANDUSD,125532667.71600014,False
330,Blast,BLASTUSD,124632665.80430792,False
331,GOHOME,GOHOMEUSD,124214222.64541362,False
332,Tellor,TRBUSD,122830050.83202496,False
333,Hive,HIVEUSD,122093402.51756883,False
334,Zano,ZANOUSD,121743228.46973412,False
335,Request,REQUSD,121409784.17745766,False
336,ViciCoin,VCNTUSD,121031622.70130728,False
337,Space and Time,SXTUSD,120682134.64546178,False
338,IOST,IOSTUSD,120508311.4873536,False
339,HarryPotterObamaSonic10Inu (ERC-20),BITCOINUSD,119690635.54634571,False
340,Alchemist AI,ALCHUSD,119404343.28917657,False
341,Yala,YUUSD,118446388.59281091,False
342,UMA,UMAUSD,117030229.88266897,False
343,BORA,BORAUSD,115647001.22993818,False
344,Wilder World,WILDUSD,114615874.71581128,False
345,Bio Protocol,BIOUSD,114113157.56652324,False
346,Venus,XVSUSD,113962958.3105129,False
347,AWE,AWEUSD,113930584.1106818,False
348,Launch Coin on Believe,LAUNCHCOINUSD,113672612.64289722,False
349,Xai,XAIUSD,113556162.45901224,False
350,Mythos,MYTHUSD,113307766.304303,False
351,Biconomy,BICOUSD,112925196.52878469,False
352,KUB Coin,KUBUSD,111356414.7864373,False
353,Aevo,AEVOUSD,110861819.67573726,False
354,EGL1,EGL1USD,110475987.27869205,False
355,Civic,CVCUSD,110171577.2075407,False
356,Flux,FLUXUSD,109521121.99767785,False
357,WAX,WAXPUSD,109468164.31506777,False
358,Animecoin,ANIMEUSD,109429864.50143382,False
359,Manta Network,MANTAUSD,109063861.77518636,False
360,Hivemapper,HONEYUSD,108989985.59044227,False
361,Orbler,ORBRUSD,108851968.41091381,False
362,Dymension,DYMUSD,108585277.96658556,False
363,Banana Gun,BANANAUSD,108524357.55277674,False
364,Powerledger,POWRUSD,108391519.60375623,False
365,Degen,DEGENUSD,108295830.95077384,False
366,Venice Token,VVVUSD,107298538.28078233,False
367,SATS (Ordinals),SATSUSD,106997754.43960348,False
368,Usual,USUALUSD,106973553.10158503,False
369,Memecoin,MEMEUSD,106600771.52029641,False
370,Yield Guild Games,YGGUSD,106183744.7221548,False
371,Across Protocol,ACXUSD,105187280.02467416,False
372,Stratis [New],STRAXUSD,105016834.75606832,False
373,Chintai,CHEXUSD,104631370.38975433,False
374,Radix,XRDUSD,104115132.2309121,False
375,Aleo,ALEOUSD,103700150.03440101,False
376,BitMart Token,BMXUSD,103336720.79773092,False
377,SLT,SLTUSD,102960973.32579675,False
378,RedStone,REDUSD,102036169.375049,False
379,Graphite Protocol,GPUSD,101792796.32255365,False
380,Humanity Protocol,HUSD,101470219.35803507,False
381,Cetus Protocol,CETUSUSD,100637172.90681356,False
382,Phala Network,PHAUSD,100332006.5204956,False
383,Rollbit Coin,RLBUSD,100281991.93210381,False
384,Subsquid,SQDUSD,99974238.68979561,False
385,PAAL AI,PAALUSD,99096344.06374317,False
386,Ergo,ERGUSD,98155925.77287889,False
387,Tokenlon Network Token,LONUSD,97574911.87453666,False
388,ChainGPT,CGPTUSD,97462022.34093948,False
389,ANDY (ETH),ANDYUSD,97456077.62626392,False
390,Lisk,LSKUSD,97279862.43433271,False
391,Ardor,ARDRUSD,97218281.11614469,False
392,Audius,AUDIOUSD,97086201.57833852,False
393,Nexusmind,NMDUSD,96908441.19418216,False
394,Paycoin,PCIUSD,96660759.91529486,False
395,Delysium,AGIUSD,96511734.9065339,False
396,Solana Name Service (previously Bonfida),FIDAUSD,96339918.56558025,False
397,Lift Dollar,USDL,95985148.63048884,True
398,Echelon Prime,PRIMEUSD,95982772.58296771,False
399,Sign,SIGNUSD,94261277.1334447,False
400,Pundi X (New),PUNDIXUSD,94142579.3261272,False
401,Acet,ACTUSD,93804205.83131678,False
402,Ark,ARKUSD,93773005.74659164,False
403,IQ,IQUSD,93766727.93936959,False
404,Omni Network,OMNIUSD,93598001.64340238,False
405,Ponke,PONKEUSD,93346701.31829086,False
406,Bancor,BNTUSD,93242038.62330163,False
407,Ribbita by Virtuals,TIBBIRUSD,92925852.72287303,False
408,MindWaveDAO,NILAUSD,92452085.72983055,False
409,MVL,MVLUSD,92470820.1748152,False
410,DIA,DIAUSD,91660440.96488532,False
411,Spell Token,SPELLUSD,91529362.42672765,False
412,Propy,PROUSD,91253121.47385074,False
413,Wrapped ONUS,WONUSUSD,90247362.08996335,False
414,Ontology Gas,ONGUSD,89897815.89086674,False
415,Ski Mask Dog,SKIUSD,89619067.40476732,False
416,Kyber Network Crystal v2,KNCUSD,88564049.92434846,False
417,peaq,PEAQUSD,88496812.189325,False
418,Chromia,CHRUSD,88139330.61366257,False
419,TerraClassicUSD,USTCUSD,88080894.7970028,False
420,Saga,SAGAUSD,88041687.78424294,False
421,dKargo,DKAUSD,87677902.90598056,False
422,Keep Network,KEEPUSD,87592066.72254142,False
423,Illuvium,ILVUSD,87462483.69315322,False
424,Stronghold SHx,SHXUSD,87064818.70117946,False
425,CARV,CARVUSD,86982835.9683949,False
426,Initia,INITUSD,86780231.526577,False
427,iExec RLC,RLCUSD,86737578.0059965,False
428,Apu Apustaja,APUUSD,85692908.84699984,False
429,Arcblock,ABTUSD,85723571.84199643,False
430,DOGS,DOGSUSD,85595813.54717796,False
431,Balancer,BALUSD,84443704.25256376,False
432,Orbs,ORBSUSD,84279564.68668322,False
433,Pythia,PYTHIAUSD,84148528.80230628,False
434,Merlin Chain,MERLUSD,83922574.51269504,False
435,Pocket Network,POKTUSD,84309542.59851958,False
436,AI Companions,AICUSD,83274353.61189896,False
437,QuantixAI,QAIUSD,83073808.83864957,False
438,BounceBit,BBUSD,82699319.94718343,False
439,Moonbeam,GLMRUSD,82248742.26040587,False
440,Shuffle,SHFLUSD,82080930.94042012,False
441,Taiko,TAIKOUSD,81733108.68083125,False
442,Steem,STEEMUSD,81513078.82366282,False
443,PinLink,PINUSD,81438603.88712065,False
444,MSQUARE GLOBAL,MSQUSD,81234398.74611934,False
445,Dent,DENTUSD,81173835.11594756,False
446,MiL.k,MLKUSD,81006512.66221207,False
447,Panda Swap,PANDAUSD,80965490.99025004,False
448,Cyber,CYBERUSD,80882611.84335208,False
449,Vanar Chain,VANRYUSD,79278039.71515512,False
450,HashKey Platform Token,HSKUSD,78156245.10140896,False
451,MORI COIN,MORIUSD,77667490.43703666,False
452,ANyONe Protocol,ANYONEUSD,77291944.63449462,False
453,Frax USD,FRXUSD,76672302.78513418,True
454,0x0.ai,0x0USD,76463238.08526614,False
455,Marlin,PONDUSD,75758594.70481056,False
456,Celer Network,CELRUSD,75553209.43513744,False
457,JOE,JOEUSD,75252350.64427197,False
458,Epic Chain,EPICUSD,74837677.33556028,False
459,Just a chill guy,CHILLGUYUSD,74403366.35825276,False
460,SUPRA,SUPRAUSD,74126224.19458891,False
461,BugsCoin,BGSCUSD,74015852.49695224,False
462,Defi App,HOMEUSD,73466607.1877575,False
463,Metal DAO,MTLUSD,73101228.80716926,False
464,PepeCoin,PEPECOINUSD,72967391.36772576,False
465,SoSoValue,SOSOUSD,72065084.94902112,False
466,TARS AI,TAIUSD,71941584.56127268,False
467,Dogelon Mars,ELONUSD,71426299.97570178,False
468,Sophon,SOPHUSD,71319617.2988166,False
469,Neutron,NTRNUSD,71086317.43718348,False
470,Banana For Scale,BANANAS31USD,71109952.09813409,False
471,Adventure Gold,AGLDUSD,71013232.0684768,False
472,Numeraire,NMRUSD,70411176.8259984,False
473,BIM,BIMUSD,70213118.75090982,False
474,Pax Dollar,USDP,69952464.03963575,True
475,Cartesi,CTSIUSD,69932276.45306346,False
476,Moonriver,MOVRUSD,69827526.08948393,False
477,Newton Protocol,NEWTUSD,69628185.04815339,False
478,API3,API3USD,69342519.43118913,False
479,Liqwid Finance,LQUSD,69275293.36497985,False
480,Landwolf 0x67,WOLFUSD,69162547.04034673,False
481,Scroll,SCRUSD,69068816.55162993,False
482,BitDCA,BDCAUSD,68798038.024135,False
483,Bounce Token,AUCTIONUSD,68645308.18281595,False
484,Solidus Ai Tech,AITECHUSD,68532733.67940803,False
485,PePeonTron,PEPEONTRONUSD,68390935.86866903,False
486,DeFi Pulse Index,DPIUSD,67970992.80237603,False
487,USDB,USDB,67896211.77773291,True
488,WalletConnect Token,WCTUSD,67587255.71837977,False
489,GameBuild,GAMEUSD,67302693.34196842,False
490,Simon's Cat,CATUSD,67269598.14585458,False
491,Artificial Liquid Intelligence,ALIUSD,66830555.89621217,False
492,Goldfinch,GFIUSD,66893093.510236226,False
493,Aergo,AERGOUSD,66696481.75159123,False
494,ArchLoot,ALUSD,66618478.73417933,False
495,Comedian,BANUSD,66349828.11646255,False
496,Lagrange,LAUSD,66354653.30178181,False
497,Open Campus,EDUUSD,66219815.929908074,False
498,Anchored Coins AEUR,AEURUSD,65972026.914501,True
499,Huma Finance,HUMAUSD,65770347.35075397,False
500,lisUSD,lisUSD,65615075.08788066,True
501,Realio Network,RIOUSD,65525595.084291846,False
502,Nillion,NILUSD,65078197.60581634,False
503,Secret,SCRTUSD,64733558.32508224,False
504,StraitsX USD,XUSD,64901436.8905751,True
505,MediBloc,MEDUSD,64834972.81835372,False
506,MESSIER,M87USD,64763997.4137353,False
507,DOWGE,DJI6930USD,64540480.07247609,False
508,Zentry,ZENTUSD,64458383.18992233,False
509,Bifrost,BFCUSD,64351117.87028894,False
510,Rootstock Infrastructure Framework,RIFUSD,64133076.54426836,False
511,SUNDOG,SUNDOGUSD,63574423.58658855,False
512,AO,AOUSD,63518275.83586385,False
513,IAGON,IAGUSD,63300480.78902296,False
514,Orchid,OXTUSD,62884067.717135474,False
515,B3 (Base),B3USD,62625516.70366255,False
516,Cobak Token,CBKUSD,62463573.03913528,False
517,Hyperlane,HYPERUSD,62378459.60647446,False
518,Solv Protocol,SOLVUSD,62289386.76312038,False
519,SKYAI,SKYAIUSD,62018973.92845939,False
520,Tagger,TAGUSD,61880608.7072171,False
521,SpaceN,SNUSD,61467076.038597025,False
522,Humans.ai,HEARTUSD,61048896.12202781,False
523,Smooth Love Potion,SLPUSD,60845037.091863014,False
524,Tokamak Network,TOKAMAKUSD,60861434.226009816,False
525,Global Commercial Business,GCBUSD,60751373.17617459,False
526,Zircuit,ZRCUSD,60678526.06068215,False
527,Tensor,TNSRUSD,60140864.964300215,False
528,ZEON,ZEONUSD,60133875.34995403,False
529,Venus BUSD,vBUSD,60107907.568993956,True
530,Lista DAO,LISTAUSD,59390864.12915242,False
531,Coin98,C98USD,59018328.37046888,False
532,Hippo Protocol,HPUSD,59010763.52146644,False
533,Eurite,EURIUSD,58886923.07312986,True
534,Hamster Kombat,HMSTRUSD,58682454.88480918,False
535,WINkLink,WINUSD,58493967.59350905,False
536,Braintrust,BTRSTUSD,58417976.29766469,False
537,Shentu,CTKUSD,58235464.261953175,False
538,Sleepless AI,AIUSD,58236869.954583704,False
539,Oasys,OASUSD,57647009.474784896,False
540,ISLM,ISLMUSD,57272451.94939319,False
541,Tornado Cash,TORNUSD,57154237.53774939,False
542,Coreum,COREUMUSD,57115264.46950218,False
543,StrikeX,STRXUSD,57087632.09805859,False
544,BENQI,QIUSD,56574991.48892839,False
545,QuarkChain,QKCUSD,56306636.65819362,False
546,ECOMI,OMIUSD,56031520.52083781,False
547,Velodrome Finance,VELOUSD,55836498.54255054,False
548,Energy Web Token,EWTUSD,55440357.64872818,False
549,Quantum Resistant Ledger,QRLUSD,55318514.58109412,False
550,Treasure,MAGICUSD,55282767.58587801,False
551,Dohrnii,DHNUSD,55135509.39732384,False
552,BUSD,BUSD,55026755.54034381,True
553,GEODNET,GEODUSD,54874339.27183017,False
554,Symbol,XYMUSD,54692836.47178257,False
555,Gains Network,GNSUSD,54584646.71825139,False
556,APX,APXUSD,54234782.830172114,False
557,Access Protocol,ACSUSD,54111518.10442088,False
558,GRIFFAIN,GRIFFAINUSD,53908087.21463312,False
559,Polyhedra Network,ZKJUSD,53001714.0347619,False
560,Aster USDF,USDF,52946374.98498506,False
561,SuperRare,RAREUSD,52400091.012960285,False
562,Highstreet,HIGHUSD,51966931.58104746,False
563,Tutorial,TUTUSD,51936420.85872489,False
564,MyShell,SHELLUSD,51839895.05424169,False
565,Aurora,AURORAUSD,51737080.72964116,False
566,Bertram The Pomeranian,BERTUSD,51685743.134427816,False
567,AI Analysis Token,AIATUSD,51476625.862602144,False
568,Gemini Dollar,GUSD,50889178.440237895,True
569,Vulcan Forged (PYR),PYRUSD,50591986.166826904,False
570,Avail,AVAILUSD,50429977.46689364,False
571,Gifto,GFTUSD,50184851.11164319,False
572,HashAI,HASHAIUSD,49726083.280406065,False
573,Derive,DRVUSD,49738833.7255631,False
574,MyNeighborAlice,ALICEUSD,49723864.80058979,False
575,Seedify.fund,SFUNDUSD,49693745.918665186,False
576,BOBO,BOBOUSD,49583587.87011323,False
577,Hashflow,HFTUSD,49558410.09520748,False
578,Gods Unchained,GODSUSD,49155192.82621216,False
579,Undeads Games,UDSUSD,48995773.58157341,False
580,Fwog (SOL),FWOGUSD,48795263.53203747,False
581,EUR CoinVertible,EURCVUSD,48650824.4780655,True
582,Coq Inu,COQUSD,48468629.7108197,False
583,Joe coin,JOEUSD,48478940.380305536,False
584,SaucerSwap,SAUCEUSD,48450384.109025285,False
585,Uquid Coin,UQCUSD,48214557.45563329,False
586,CZ's Dog,BROCCOLIUSD,48107285.40757535,False
587,MovieBloc,MBLUSD,48018482.43140776,False
588,TrueFi,TRUUSD,47657464.85384979,False
589,Origin Protocol,OGNUSD,47667434.18045263,False
590,Bone ShibaSwap,BONEUSD,47405907.011420324,False
591,Concordium,CCDUSD,47083072.556238495,False
592,Mubarak,MUBARAKUSD,46858454.85076476,False
593,ResearchCoin,RSCUSD,46748791.18803065,False
594,Helium Mobile,MOBILEUSD,46632340.551335365,False
595,Ancient8,A8USD,46582930.54546197,False
596,Autonolas,OLASUSD,46125821.58642994,False
597,NYM,NYMUSD,45969120.20901374,False
598,Oraichain,ORAIUSD,45938328.43487866,False
599,Chainbase,CUSD,45892064.80199281,False
600,AVA (Travala),AVAUSD,45849828.77517098,False
601,Syscoin,SYSUSD,45775210.72242139,False
602,Renzo,REZUSD,45709979.87237898,False
603,Keyboard Cat,KEYCATUSD,45414338.43333453,False
604,MetFi,METFIUSD,45795768.90005418,False
605,Act I : The AI Prophecy,ACTUSD,45383391.286192924,False
606,Unicorn Fart Dust,UFDUSD,45254141.08959323,False
607,Lumia,LUMIAUSD,45222114.359096885,False
608,Fusionist,ACEUSD,45164963.83721763,False
609,Mr Miggles,MIGGLESUSD,45041314.046125196,False
610,THENA,THEUSD,45004777.131383404,False
611,LOFI,LOFIUSD,44857286.854234755,False
612,DEAPcoin,DEPUSD,44845956.59981599,False
613,Forta,FORTUSD,44598239.990024626,False
614,Matrixdock Gold,XAUMUSD,44310282.91354794,False
615,Particle Network,PARTIUSD,44283240.152448274,False
616,Node AI,GPUUSD,44269046.23530015,False
617,Fuel Network,FUELUSD,44017175.08823907,False
618,X Empire,XUSD,43764296.97123141,False
619,UNIPOLY,UNPUSD,43312628.819161244,False
620,SLERF,SLERFUSD,43233171.82081406,False
621,Phoenix,PHBUSD,43191619.4995058,False
622,Vine Coin,VINEUSD,43083561.820860006,False
623,SmarDex,SDEXUSD,43018772.17092314,False
624,Myria,MYRIAUSD,42935887.27125676,False
625,Resolv,RESOLVUSD,42737164.638059855,False
626,League of Kingdoms Arena,LOKAUSD,42674394.186498255,False
627,tao.bot,TAOBOTUSD,42473351.40050561,False
628,EscoinToken,ELGUSD,42467404.43068615,False
629,doginme,DOGINMEUSD,42447055.32872983,False
630,NFPrompt,NFPUSD,42415964.23387919,False
631,Minswap,MINUSD,42216139.73570026,False
632,MARBLEX,MBXUSD,42175452.121176176,False
633,Assemble AI,ASMUSD,42174899.09172315,False
634,SuperWalk,GRNDUSD,42027108.88367276,False
635,Alephium,ALPHUSD,42005003.779569305,False
636,Parcl,PRCLUSD,41836076.2458049,False
637,Tether EURt,EURtUSD,41788380.963594794,True
638,AVA,AVAUSD,41597177.851773046,False
639,Metadium,METAUSD,41284051.68060829,False
640,Ampleforth,AMPLUSD,41414056.541744895,True
641,Infinitar,IGTUSD,41057836.00925576,False
642,tokenbot,CLANKERUSD,41011223.50003216,False
643,Devve,DEVVEUSD,40869963.304155074,False
644,PolySwarm,NCTUSD,40729142.14566956,False
645,Liquity USD,LUSD,40722385.94411827,True
646,Gearbox Protocol,GEARUSD,40541821.071196064,False
647,Nakamoto Games,NAKAUSD,40443847.46795479,False
648,Pangolin,PNGUSD,40413025.21417076,False
649,Ampleforth Governance Token,FORTHUSD,40291839.86262919,False
650,Hey Anon,ANONUSD,40168279.016649395,False
651,Spark,SPKUSD,39698304.4423774,False
652,PepeFork,PORKUSD,39664496.239836305,False
653,Test,TSTUSD,39516253.78115695,False
654,deBridge,DBRUSD,39405787.530600086,False
655,siren,SIRENUSD,39144434.058130376,False
656,Strike,STRKUSD,38825857.7809385,False
657,Redbelly Network,RBNTUSD,38849323.24818938,False
658,Impossible Cloud Network,ICNTUSD,38775772.2946319,False
659,ThunderCore,TTUSD,38634546.193056144,False
660,FLock.io,FLOCKUSD,38670383.13161192,False
661,Puffer,PUFFERUSD,38568640.27105064,False
662,REVOX,REXUSD,38542535.22040615,False
663,GoPlus Security,GPSUSD,38525769.499713115,False
664,XION,XIONUSD,38389785.192755915,False
665,Decentralized Social,DESOUSD,38283092.37862335,False
666,MetaMUI,MMUIUSD,38160830.19186706,False
667,Seraph,SERAPHUSD,38133393.169109374,False
668,ARPA,ARPAUSD,37944884.4416504,False
669,MobileCoin,MOBUSD,37740015.48265712,False
670,Eclipse,ESUSD,37450110.761395946,False
671,Tharwa,TRWAUSD,37389566.09122746,False
672,Dusk,DUSKUSD,37415692.11352491,False
673,Haedal Protocol,HAEDALUSD,37280218.37171133,False
674,Wirex Token,WXTUSD,37206173.141818345,False
675,Acala Token,ACAUSD,37005208.23221853,False
676,MNEE,MNEEUSD,36840862.67589461,True
677,Stargate Finance,STGUSD,36836107.778056085,False
678,XPLA,XPLAUSD,36822412.788609445,False
679,Wen,WENUSD,36726745.89696517,False
680,DODO,DODOUSD,36256904.27057274,False
681,KiboShib,KIBSHIUSD,36243716.11613598,False
682,TokenPocket,TPTUSD,36182766.282540314,False
683,Alien Worlds,TLMUSD,36152821.31115919,False
684,Locus Chain,LOCUSUSD,35906209.4556731,False
685,CoinEx Token,CETUSD,35872757.62482992,False
686,RSS3,RSS3USD,35851346.76570933,False
687,Pundi AI,PUNDIAIUSD,35704571.028593555,False
688,Celo Dollar,CUSD,35548146.28867277,True
689,Elastos,ELAUSD,35496956.410106756,False
690,ChangeNOW Token,NOWUSD,35350139.92423252,False
691,Radworks,RADUSD,35305625.827334404,False
692,Maverick Protocol,MAVUSD,35273765.294198684,False
693,sUSD,SUSD,34621109.80047703,True
694,MOBOX,MBOXUSD,34596812.95916572,False
695,DEXTools,DEXTUSD,34558521.145926945,False
696,Morphware,XMWUSD,34209355.26420238,False
697,Hunt Town,HUNTUSD,33969213.66120248,False
698,Hosico,HOSICOUSD,33991305.58174987,False
699,Portal,PORTALUSD,33927433.25196034,False
700,Automata Network,ATAUSD,33787494.969040975,False
701,Radiant Capital,RDNTUSD,33791253.69075484,False
702,Sugar Daddy Season,SUGARUSD,33452300.133133095,False
703,Nosana,NOSUSD,33357231.017480846,False
704,PaLM AI,PALMUSD,33344886.980227355,False
705,Gems,GEMSUSD,33299512.090158883,False
706,KoKoK The Roach,KOKOKUSD,33237907.017730474,False
707,GUNZ,GUNUSD,33233987.287260313,False
708,Ice Open Network,ICEUSD,33046754.490771558,False
709,EverValue Coin,EVAUSD,32985305.28304716,False
710,FirmaChain,FCTUSD,32967952.176124353,False
711,Fartboy,FARTBOYUSD,32547636.425733753,False
712,LimeWire,LMWRUSD,32915545.182757236,False
713,Viction,VICUSD,32870182.847345382,False
714,Bubblemaps,BMTUSD,32765260.493127033,False
715,inSure DeFi,SUREUSD,32743733.752720207,False
716,Kujira,KUJIUSD,32724732.53604902,False
717,Catizen,CATIUSD,32680368.84935134,False
718,Law Blocks (AI),LBTUSD,32567684.68064957,False
719,Hooked Protocol,HOOKUSD,32205927.959574193,False
720,Zerebro,ZEREBROUSD,32091205.068189222,False
721,Wojak,WOJAKUSD,31995010.60777199,False
722,Gitcoin,GTCUSD,31980400.96111755,False
723,Swell Network,SWELLUSD,31821002.729365747,False
724,AI Rig Complex,ARCUSD,31809859.450081713,False
725,StandX DUSD,DUSD,31524786.113064338,True
726,Bluefin,BLUEUSD,31524536.823209804,False
727,Manyu,MANYUUSD,31509829.749903776,False
728,dForce,DFUSD,31386635.937077243,False
729,Oho,OHOUSD,31367761.743971758,False
730,Corn,CORNUSD,31343878.41653965,False
731,Alpha Quark Token,AQTUSD,31261859.97067646,False
732,Pirate Chain,ARRRUSD,31049913.92027955,False
733,Milady Meme Coin,LADYSUSD,30911306.027785257,False
734,Moss Coin,MOCUSD,30856716.08947325,False
735,ApeX Protocol,APEXUSD,30811196.44782612,False
736,Sui Name Service,NSUSD,30781977.017936487,False
737,MetYa,METUSD,30775747.65345759,False
738,Stader,SDUSD,30775195.036672924,False
739,OpenServ,SERVUSD,30597861.90592671,False
740,Mansory,MNSRYUSD,30438612.562253084,False
741,Roam,ROAMUSD,30376037.64650649,False
742,Star Atlas DAO,POLISUSD,30221987.463942945,False
743,Agoras: Tau Net,AGRSUSD,29896789.591746442,False
744,Sperax,SPAUSD,29814812.47568164,False
745,district0x,DNTUSD,29788928.395492703,False
746,Toko Token,TKOUSD,29759993.971026964,False
747,NAVI Protocol,NAVXUSD,29655236.55794473,False
748,Metacade,MCADEUSD,29655187.62118143,False
749,MAP Protocol,MAPOUSD,29531373.72342293,False
750,SOON,SOONUSD,29480891.665833835,False
751,Pikaboss,PIKAUSD,29434931.02558639,False
752,Groestlcoin,GRSUSD,29420308.338795386,False
753,SPECTRE AI,SPECTREUSD,29327171.87704437,False
754,Solend,SLNDUSD,29314006.520617526,False
755,Startup,STARTUPUSD,29362684.273828357,False
756,OKZOO,AIOTUSD,29226549.876582883,False
757,CLV,CLVUSD,29118232.086665716,False
758,dYdX (ethDYDX),ETHDYDXUSD,29065322.01942853,False
759,Covalent X Token,CXTUSD,28976219.69526743,False
760,NeuralAI,NEURALUSD,28878209.22159741,False
761,Verse World,VERSEUSD,28814270.615128484,False
762,Doodles,DOODUSD,28823721.29771213,False
763,Suilend,SENDUSD,28633049.68327769,False
764,The Arena,ARENAUSD,28637476.599267144,False
765,Aavegotchi,GHSTUSD,28044655.01832878,False
766,BakeryToken,BAKEUSD,28036268.212279942,False
767,KernelDAO,KERNELUSD,28020019.560326885,False
768,Fractal Bitcoin,FBUSD,28011204.539378803,False
769,AhaToken,AHTUSD,28007843.36965124,False
770,TAC Protocol,TACUSD,27870764.2500067,False
771,Orderly,ORDERUSD,27874124.824195042,False
772,Xphere,XPUSD,27801348.63076511,False
773,RACA,RACAUSD,27769344.93432434,False
774,Heima,HEIUSD,27560167.081156123,False
775,Electronic USD,eUSD,27499130.51583721,False
776,Kekius Maximus (kekiusmaximus.vip),KEKIUSUSD,27491470.24530194,False
777,RETARDIO,RETARDIOUSD,27375196.20786239,False
778,Aegis YUSD,YUSD,27371567.380444344,True
779,Magpie,MGPUSD,27269779.8856953,False
780,CreatorBid,BIDUSD,27219446.84009784,False
781,Alkimi,ADSUSD,27174644.3274594,False
782,DAO Maker,DAOUSD,27046428.49679369,False
783,Luna by Virtuals,LUNAUSD,26989398.961548883,False
784,Hegic,HEGICUSD,26794695.197184857,False
785,OMG Network,OMGUSD,26519074.439754833,False
786,Wanchain,WANUSD,26446748.850935113,False
787,McDull,MCDULLUSD,26418999.350033678,False
788,Electroneum,ETNUSD,26362060.100710128,False
789,Artrade,ATRUSD,26279886.138835505,False
790,Moby,MOBYUSD,26343701.774729073,False
791,Infinity Ground,AINUSD,26254981.40199707,False
792,Book of Ethereum,BOOEUSD,26175451.572953492,False
793,Fair and Free,FAIR3USD,26135065.475474797,False
794,Avalon Labs (AVL),AVLUSD,26074641.797281314,False
795,Chainbounty,BOUNTYUSD,25982682.88523721,False
796,Santos FC Fan Token,SANTOSUSD,26032375.01271082,False
797,Lorenzo Protocol,BANKUSD,25975731.243675366,False
798,My Lovely Planet,MLCUSD,25892199.096282,False
799,ArbDoge AI,AIDOGEUSD,25872492.985267885,False
800,SORA,XORUSD,25734044.573962398,False
801,DAR Open Network,DUSD,25665174.762251515,False
802,Synapse,SYNUSD,25646677.54302104,False
803,Green Satoshi Token (SOL),GSTUSD,25588366.549958818,False
804,Shapeshift FOX Token,FOXUSD,25366025.326047685,False
805,Pepecoin,PEPUSD,25333292.85409595,False
806,NKN,NKNUSD,25333657.74630158,False
807,Badger DAO,BADGERUSD,25222406.042895578,False
808,Enzyme,MLNUSD,25074481.92478434,False
809,Burnedfi,BURNUSD,25044896.495506,False
810,RAMP,RAMPUSD,24970624.660878453,False
811,Isiklar Coin,ISIKCUSD,24969381.083389033,False
812,Pups (Bitcoin),PUPSUSD,24868387.962434005,False
813,ELYSIA,ELUSD,24726330.626914673,False
814,DuckChain,DUCKUSD,24708517.917733945,False
815,VaderAI by Virtuals,VADERUSD,24632944.950449884,False
816,sudeng,HIPPOUSD,24602401.851299718,False
817,Dego Finance,DEGOUSD,24530783.50584571,False
818,IXS,IXSUSD,24526225.623808235,False
819,Alchemix,ALCXUSD,24504695.26721757,False
820,Vertical AI,VERTAIUSD,24498297.547567442,False
821,Bella Protocol,BELUSD,24484439.087663952,False
822,GameStop (gamestop-coin.vip),GMEUSD,24471686.387813378,False
823,Unizen,ZCXUSD,24461127.75417334,False
824,zKML,ZKMLUSD,24436726.749751423,False
825,PlatON,LATUSD,24319273.85001135,False
826,Inverse Finance,INVUSD,24120956.270349525,False
827,Build On BNB,BOBUSD,23998613.460822336,False
828,Ultra,UOSUSD,23922186.378896214,False
829,xMoney,UTKUSD,23899330.615553267,False
830,Star Atlas,ATLASUSD,23962746.65292003,False
831,Basenji,BENJIUSD,23791208.343306318,False
832,ORIGYN,OGYUSD,23683724.284866914,False
833,Myro,MYROUSD,23595082.86680307,False
834,Blockasset,BLOCKUSD,23492528.407034796,False
835,Jelly-My-Jelly,JELLYJELLYUSD,23452410.164036203,False
836,Amaterasu Omikami,OMIKAMIUSD,23365300.37098502,False
837,LUKSO,LYXUSD,23274172.613612715,False
838,Swarms,SWARMSUSD,23240854.021431018,False
839,Aleph Cloud,ALEPHUSD,23191120.312838912,False
840,Purple Pepe,$PURPEUSD,22938316.628527906,False
841,Streamr,DATAUSD,22856966.791127417,False
842,Neon EVM,NEONUSD,22805576.080522683,False
843,Hyperpigmentation,HYPERUSD,22780400.901367296,False
844,Open Loot,OLUSD,22687275.718186416,False
845,Bitgert,BRISEUSD,22675002.928174865,False
846,TG Casino,TGCUSD,22668290.636981416,False
847,HOPR,HOPRUSD,22782131.11964191,False
848,DIMO,DIMOUSD,22625474.036575623,False
849,Everscale,EVERUSD,22580316.7641078,False
850,AMO Coin,AMOUSD,22501811.43339172,False
851,Kendu,KENDUUSD,22452462.053033814,False
852,Orbiter Finance,OBTUSD,22364060.40715265,False
853,AGI ALPHA AGENT,AGIALPHAUSD,22201007.235234834,False
854,Sharp,SHARPUSD,22055401.921679318,False
855,RARI,RARIUSD,21869510.415982064,False
856,Cross The Ages,CTAUSD,21806926.29949537,False
857,SideShift Token,XAIUSD,21768320.47399943,False
858,Klever Coin,KLVUSD,21659412.58094717,False
859,NEM,XEMUSD,21379650.532775432,False
860,Victoria VR,VRUSD,21314052.29630003,False
861,PeiPei (ETH),PEIPEIUSD,21287889.414673153,False
862,Tokemak,TOKEUSD,21227670.42824344,False
863,OctaSpace,OCTAUSD,21003642.371256422,False
864,Crown by Third Time Games,CROWNUSD,20946719.6298634,False
865,StorX Network,SRXUSD,20933507.56058573,False
866,AGENDA 47,A47USD,20921713.19686391,False
867,Heroes of Mavia,MAVIAUSD,20728819.164912537,False
868,OORT,OORTUSD,20671734.90124592,False
869,QuickSwap [Old],QUICKUSD,20582172.68149047,False
870,Masa,MASAUSD,20572102.945668947,False
871,Cornucopias,COPIUSD,20523768.563850407,False
872,Harvest Finance,FARMUSD,20521684.490414366,False
873,SIGMA,SIGMAUSD,20510564.476359487,False
874,Polkastarter,POLSUSD,20359268.092588723,False
875,Wall Street Pepe,WEPEUSD,20324125.94420556,False
876,Gelato,GELUSD,20369412.429089453,False
877,CESS Network,CESSUSD,20113573.445276875,False
878,pippin,PIPPINUSD,20059886.689776685,False
879,StakeStone,STOUSD,20045633.247456282,False
880,Mango,MNGOUSD,19905260.436418153,False
881,IDEX,IDEXUSD,19890339.769323155,False
882,Bulla,BULLAUSD,19778405.65103759,False
883,Shadow Token,SHDWUSD,19807684.35461902,False
884,Kenyan Digital Token,KDTUSD,19617831.783272795,False
885,Suku,SUKUUSD,19671747.177732076,False
886,SynFutures,FUSD,19510339.47244935,False
887,Cult DAO,CULTUSD,19480799.880646072,False
888,OG Fan Token,OGUSD,19447791.715236966,False
889,TokenFi,TOKENUSD,19365293.991265822,False
890,Perpetual Protocol,PERPUSD,19341293.23166436,False
891,AstraAI,ASTRAUSD,19319652.046311498,False
892,Cortex,CTXCUSD,19222911.5527018,False
893,BSquared Network,B2USD,19225408.495953683,False
894,Contentos,COSUSD,19197055.87879389,False
895,Quickswap [New],QUICKUSD,19153136.272930656,False
896,SIX Token,SIXUSD,19135577.34392526,False
897,Kleros,PNKUSD,19111821.77254449,False
898,Housecoin,HOUSEUSD,19017383.236078933,False
899,ZUSD,ZUSD,18998387.665955998,True
900,BFG Token,BFGUSD,18987850.645993598,False
901,Boba Network,BOBAUSD,18908021.171390742,False
902,Indigo Protocol,INDYUSD,18899769.302188605,False
903,Vara Network,VARAUSD,18850045.27645333,False
904,Equilibria Finance,EQBUSD,18810702.939557806,False
905,Namecoin,NMCUSD,18732511.593603544,False
906,Free Palestine,YAFAUSD,18555807.388519086,False
907,GamerCoin,GHXUSD,18534119.446391597,False
908,RIZE,RIZEUSD,18527522.736107133,False
909,HOSKY Token,HOSKYUSD,18516014.79907802,False
910,michi (SOL),$MICHIUSD,18487936.990442313,False
911,ParaSwap,PSPUSD,18306844.36082992,False
912,Flamingo,FLMUSD,18192410.829191707,False
913,Bluzelle,BLZUSD,18135829.055213053,False
914,KARRAT,KARRATUSD,18100091.962830618,False
915,Planet IX(formerly IX token),IXTUSD,18096681.868399624,False
916,Tranchess,CHESSUSD,18035478.26698935,False
917,TROLL (SOL),TROLLUSD,18020124.883974835,False
918,crow with knife,CAWUSD,17969588.40325542,False
919,COCORO,COCOROUSD,17939005.274090037,False
920,Phoenix,PHNIXUSD,17840078.369702015,False
921,SWEAT,SWEATUSD,17819051.37022898,False
922,Hermez Network,HEZUSD,17767527.645678017,False
923,nubcat,NUBUSD,17680419.35953536,False
924,VICE Token,VICEUSD,17675802.385259897,False
925,botXcoin,BOTXUSD,17883283.194746915,False
926,CUDIS,CUDISUSD,17649569.54703554,False
927,PARSIQ,PRQUSD,17629932.713445,False
928,AS Roma Fan Token,ASRUSD,17595995.070548374,False
929,Houdini Swap,LOCKUSD,17535465.48894603,False
930,Games for a Living,GFALUSD,17422793.757026862,False
931,Agent Virtual Machine,AVMUSD,17405908.092262823,False
932,Impossible Finance Launchpad,IDIAUSD,17356374.86445301,False
933,REI Network,REIUSD,17182267.771454483,False
934,GOLDAO,GOLDAOUSD,17008667.22756486,False
935,Brickken,BKNUSD,16964695.50666453,False
936,pSTAKE Finance,PSTAKEUSD,16813899.02159844,False
937,Numbers Protocol,NUMUSD,16760941.979323206,False
938,Doge Killer,LEASHUSD,16726324.479838884,False
939,NATIX Network,NATIXUSD,16708491.592744738,False
940,Camino Network,CAMUSD,16660921.646387883,False
941,Mind Network,FHEUSD,16583820.11118704,False
942,Step Finance,STEPUSD,16557038.771937435,False
943,Paris Saint-Germain Fan Token,PSGUSD,16518272.449191857,False
944,Zeta,ZEXUSD,16464057.927572789,False
945,Adshares,ADSUSD,16436514.405148286,False
946,Pepe Unchained (New),PEPUUSD,16287140.590715447,False
947,DIAM,DIAMUSD,16194109.943027835,False
948,Botto,BOTTOUSD,16184717.767386245,False
949,GYEN,GYENUSD,16088362.135482067,True
950,Stella,ALPHAUSD,16029931.597661486,False
951,Propchain,PROPCUSD,16016733.290900202,False
952,Central African Republic Meme,CARUSD,15806166.916683994,False
953,Taraxa,TARAUSD,15870508.962729868,False
954,Xterio,XTERUSD,15869389.863595735,False
955,Major,MAJORUSD,15811019.12626553,False
956,Vow,VOWUSD,15772001.35377164,False
957,Vita Inu,VINUUSD,15772459.662162377,False
958,Grok,GROKUSD,15737931.247113677,False
959,Cointel,COLSUSD,15659559.501532504,False
960,Billy (Bitcoin),BILLYUSD,15606812.631902384,False
961,AdEx,ADXUSD,15599754.659405926,False
962,Stride,STRDUSD,15594815.075530414,False
963,Mayflower AI,MAYUSD,15580728.682671422,False
964,Telos,TLOSUSD,15558269.98996329,False
965,NetMind Token,NMTUSD,15549941.59672207,False
966,Beefy,BIFIUSD,15541249.473325059,False
967,Children Of The Sky,COTSUSD,15521012.46374749,False
968,The Root Network,ROOTUSD,15531579.287924012,False
969,Fulcrom Finance,FULUSD,15462624.944237035,False
970,Boson Protocol,BOSONUSD,15446207.465418367,False
971,HahaYes,RIZOUSD,15416979.2942865,False
972,WHY,WHYUSD,15396800.765743105,False
973,Scallop,SCAUSD,15347723.035757437,False
974,BasedAI,BASEDAIUSD,15314551.704568429,False
975,Kasta,KASTAUSD,15266921.326550124,False
976,Velvet,VELVETUSD,15239400.630740339,False
977,EarthMeta,EMTUSD,15232856.633995563,False
978,Everclear,CLEARUSD,15182146.244047508,False
979,Alpine F1 Team Fan Token,ALPINEUSD,15147280.397424437,False
980,Jambo,JUSD,15135050.051884903,False
981,Comtech Gold,CGOUSD,15122428.914190222,False
982,Definitive,EDGEUSD,15095866.715885261,False
983,GameFi.org,GAFIUSD,15099225.179630687,False
984,Kryll,KRLUSD,15060347.483898208,False
985,Bedrock,BRUSD,15037048.19215158,False
986,FIO Protocol,FIOUSD,15175753.921253938,False
987,UNS TOKEN,UNSUSD,15000492.745783506,False
988,Ellipsis,EPSUSD,14853339.21921338,False
989,PIVX,PIVXUSD,14849610.251946544,False
990,WUFFI,WUFUSD,14803722.981789432,False
991,MEET48,IDOLUSD,14786999.773713427,False
992,Opulous,OPULUSD,14635021.111408418,False
993,Ribbon Finance,RBNUSD,14586857.419501372,False
994,Bellscoin,BELLSUSD,14573145.529993353,False
995,WeFi,WFIUSD,14513166.701364037,False
996,AIVille Governance Token,AIVUSD,14528914.974065995,False
997,World of Dypians,WODUSD,14467002.15103775,False
998,Aura Finance,AURAUSD,14416358.102468705,False
999,ROGin AI,ROGUSD,14371229.373929463,False
1000,Pirate Nation,PIRATEUSD,14364315.103679126,False
